CREATE TABLE "ADMIN"("ID" BIGINT NOT NULL);
ALTER TABLE "ADMIN"
    ADD CONSTRAINT "CONSTRAINT_3" PRIMARY KEY("ID");

INSERT INTO "ADMIN"
    VALUES (1);
CREATE TABLE "ORIENTATION_ISSUE"(
                                    "ID" BIGINT DEFAULT NEXT VALUE FOR "SYSTEM_SEQUENCE_FDA128DD_8EFF_4DC7_88C5_AF9D372C85FD" NOT NULL NULL_TO_DEFAULT SEQUENCE "SYSTEM_SEQUENCE_FDA128DD_8EFF_4DC7_88C5_AF9D372C85FD",
                                    "RELATED_ISSUE" VARCHAR(255),
                                    "TCC_ID" BIGINT,
                                    "TCCMATCH_USER_ID" BIGINT
);
ALTER TABLE "ORIENTATION_ISSUE"
    ADD CONSTRAINT "CONSTRAINT_E" PRIMARY KEY("ID");
-- 0 +/- SELECT COUNT(*) FROM PUBLIC.ORIENTATION_ISSUE;
CREATE TABLE "PROFESSOR"("QUOTA" INTEGER, "ID" BIGINT NOT NULL);
ALTER TABLE "PROFESSOR"
    ADD CONSTRAINT "CONSTRAINT_6" PRIMARY KEY("ID");
-- 3 +/- SELECT COUNT(*) FROM PUBLIC.PROFESSOR;
INSERT INTO "PROFESSOR"
VALUES (10, 5),
       (2, 6),
       (0, 7);
CREATE TABLE "PROFESSOR_INTERESTED_STUDY_AREAS"(
                                                   "PROFESSOR_ID" BIGINT NOT NULL,
                                                   "STUDY_AREA_ID" BIGINT NOT NULL
);
-- 10 +/- SELECT COUNT(*) FROM PUBLIC.PROFESSOR_INTERESTED_STUDY_AREAS;
INSERT INTO "PROFESSOR_INTERESTED_STUDY_AREAS"
VALUES (5, 1),
       (5, 2),
       (5, 3),
       (6, 4),
       (6, 1),
       (5, 1),
       (5, 2),
       (5, 3),
       (6, 4),
       (6, 1);
CREATE TABLE "PROFESSOR_INTERESTEDTCCS"(
                                           "PROFESSOR_ID" BIGINT NOT NULL,
                                           "INTERESTEDTCCS_ID" BIGINT NOT NULL
);
ALTER TABLE "PROFESSOR_INTERESTEDTCCS"
    ADD CONSTRAINT "CONSTRAINT_4" PRIMARY KEY("PROFESSOR_ID", "INTERESTEDTCCS_ID");
-- 0 +/- SELECT COUNT(*) FROM PUBLIC.PROFESSOR_INTERESTEDTCCS;
CREATE TABLE "PROFESSOR_LABS"(
                                 "PROFESSOR_ID" BIGINT NOT NULL,
                                 "LABS" VARCHAR(255)
);
-- 3 +/- SELECT COUNT(*) FROM PUBLIC.PROFESSOR_LABS;
INSERT INTO "PROFESSOR_LABS"
VALUES (5, 'LSD'),
       (5, 'SPLAB'),
       (6, 'LSD');
CREATE TABLE "PROFESSOR_REGISTEREDTCCS"(
                                           "PROFESSOR_ID" BIGINT NOT NULL,
                                           "REGISTEREDTCCS_ID" BIGINT NOT NULL
);
ALTER TABLE "PROFESSOR_REGISTEREDTCCS"
    ADD CONSTRAINT "CONSTRAINT_4E" PRIMARY KEY("PROFESSOR_ID", "REGISTEREDTCCS_ID");
-- 3 +/- SELECT COUNT(*) FROM PUBLIC.PROFESSOR_REGISTEREDTCCS;
INSERT INTO "PROFESSOR_REGISTEREDTCCS"
VALUES (5, 1),
       (6, 2),
       (7, 3);
CREATE TABLE "STUDENT"(
                          "EXPECTED_CONCLUSION_TERM" VARCHAR(255),
                          "REGISTRATION" VARCHAR(255),
                          "ID" BIGINT NOT NULL,
                          "TCC_ID" BIGINT
);
ALTER TABLE "STUDENT"
    ADD CONSTRAINT "CONSTRAINT_B" PRIMARY KEY("ID");
-- 3 +/- SELECT COUNT(*) FROM PUBLIC.STUDENT;
INSERT INTO "STUDENT"
VALUES ('2024.2', '119210036', 2, NULL),
       ('2024.2', '123', 3, NULL),
       ('2023.1', '123', 4, NULL);
CREATE TABLE "STUDENT_INTERESTED_STUDY_AREAS"(
                                                 "STUDENT_ID" BIGINT NOT NULL,
                                                 "STUDY_AREA_ID" BIGINT NOT NULL
);
ALTER TABLE "STUDENT_INTERESTED_STUDY_AREAS"
    ADD CONSTRAINT "CONSTRAINT_4B" PRIMARY KEY("STUDENT_ID", "STUDY_AREA_ID");
-- 4 +/- SELECT COUNT(*) FROM PUBLIC.STUDENT_INTERESTED_STUDY_AREAS;
INSERT INTO "STUDENT_INTERESTED_STUDY_AREAS"
VALUES (2, 1),
       (2, 2),
       (3, 3),
       (3, 4);
CREATE TABLE "STUDENT_ORIENTATION_INTERESTS"(
                                                "INTERESTED_STUDENT_ID" BIGINT NOT NULL,
                                                "TCC_ID" BIGINT NOT NULL
);
ALTER TABLE "STUDENT_ORIENTATION_INTERESTS"
    ADD CONSTRAINT "CONSTRAINT_3B" PRIMARY KEY("INTERESTED_STUDENT_ID", "TCC_ID");
-- 0 +/- SELECT COUNT(*) FROM PUBLIC.STUDENT_ORIENTATION_INTERESTS;
CREATE TABLE "STUDY_AREA"(
                             "ID" BIGINT DEFAULT NEXT VALUE FOR "SYSTEM_SEQUENCE_09700492_710D_4E31_A112_7EEE1C208216" NOT NULL NULL_TO_DEFAULT SEQUENCE "SYSTEM_SEQUENCE_09700492_710D_4E31_A112_7EEE1C208216",
                             "DESCRIPTION" VARCHAR(255)
);
ALTER TABLE "STUDY_AREA"
    ADD CONSTRAINT "CONSTRAINT_2" PRIMARY KEY("ID");
-- 4 +/- SELECT COUNT(*) FROM PUBLIC.STUDY_AREA;
INSERT INTO "STUDY_AREA"
VALUES (1, 'Ciencia de Dados'),
       (2, 'Inteligencia Artifical'),
       (3, 'Engenharia de software'),
       (4, 'Sistemas Operacionais');
CREATE TABLE "TCC"(
                      "ID" BIGINT DEFAULT NEXT VALUE FOR "SYSTEM_SEQUENCE_8C562308_DF61_4E3C_8DD3_245020F80435" NOT NULL NULL_TO_DEFAULT SEQUENCE "SYSTEM_SEQUENCE_8C562308_DF61_4E3C_8DD3_245020F80435",
                      "DESCRIPTION" VARCHAR(255),
                      "TCC_STATUS" INTEGER,
                      "TERM" VARCHAR(255),
                      "TITLE" VARCHAR(255),
                      "ADVISED_STUDENT_ID" BIGINT,
                      "ADVISOR_ID" BIGINT
);
ALTER TABLE "TCC"
    ADD CONSTRAINT "CONSTRAINT_1" PRIMARY KEY("ID");
-- 5 +/- SELECT COUNT(*) FROM PUBLIC.TCC;
INSERT INTO "TCC"
VALUES (
           1,
           'descricao da proposta 1',
           1,
           NULL,
           'Proposta 1',
           2,
           5
       ),
       (
           2,
           'descricao da proposta 2',
           1,
           NULL,
           'Proposta 2',
           NULL,
           6
       ),
       (
           3,
           'descricao da proposta 3',
           1,
           NULL,
           'Proposta 3',
           NULL,
           7
       ),
       (
           4,
           'descricao da proposta 4',
           0,
           NULL,
           'Proposta 4',
           3,
           NULL
       ),
       (
           5,
           'descricao da proposta 5',
           0,
           NULL,
           'Proposta 5',
           4,
           NULL
       );
CREATE TABLE "TCC_INTERESTED_PROFESSORS"(
                                            "TCC_ID" BIGINT NOT NULL,
                                            "PROFESSOR_ID" BIGINT NOT NULL
);
-- 6 +/- SELECT COUNT(*) FROM PUBLIC.TCC_INTERESTED_PROFESSORS;
INSERT INTO "TCC_INTERESTED_PROFESSORS"
VALUES (4, 5),
       (4, 6),
       (4, 7),
       (4, 5),
       (4, 6),
       (4, 7);
CREATE TABLE "TCC_INTERESTED_STUDENTS"(
                                          "TCC_ID" BIGINT NOT NULL,
                                          "STUDENT_ID" BIGINT NOT NULL
);
-- 6 +/- SELECT COUNT(*) FROM PUBLIC.TCC_INTERESTED_STUDENTS;
INSERT INTO "TCC_INTERESTED_STUDENTS"
VALUES (3, 3),
       (4, 3),
       (4, 4),
       (3, 3),
       (4, 3),
       (4, 4);
CREATE TABLE "TCC_STUDY_AREAS"(
                                  "TCC_ID" BIGINT NOT NULL,
                                  "STUDY_AREA_ID" BIGINT NOT NULL
);
-- 5 +/- SELECT COUNT(*) FROM PUBLIC.TCC_STUDY_AREAS;
INSERT INTO "TCC_STUDY_AREAS"
VALUES (1, 1),
       (1, 2),
       (2, 1),
       (3, 3),
       (4, 4);
CREATE TABLE "TCCMATCH_USER"(
                                "ID" BIGINT DEFAULT NEXT VALUE FOR "SYSTEM_SEQUENCE_C20F4CBE_A8AE_4EF7_B4F1_F8DAD234967C" NOT NULL NULL_TO_DEFAULT SEQUENCE "SYSTEM_SEQUENCE_C20F4CBE_A8AE_4EF7_B4F1_F8DAD234967C",
                                "EMAIL" VARCHAR(255),
                                "FULL_NAME" VARCHAR(255),
                                "PASSWORD" VARCHAR(255),
                                "ROLE" INTEGER,
                                "USERNAME" VARCHAR(255)
);
ALTER TABLE "TCCMATCH_USER"
    ADD CONSTRAINT "CONSTRAINT_C" PRIMARY KEY("ID");
-- 7 +/- SELECT COUNT(*) FROM PUBLIC.TCCMATCH_USER;
INSERT INTO "TCCMATCH_USER"
VALUES (
           1,
           'admin@admim.com',
           'admin',
           '$2a$10$a3CnQkefj4QPhZRGtPIYWuM03RiavrXYjCakZo.5kHoNVXyq7Fsx6',
           1,
           'admin'
       ),
       (
           2,
           'ferreiradelimajonatas@gmail.com',
           'Jonatas Ferreira de Lima',
           '$2a$10$bDy8K1u/vm5NgSQvNuswLe4Tpz2CVvPjJe48Alg71I/Er6EDVbIyu',
           2,
           'jonatas'
       ),
       (
           3,
           'bernard.odon@ccc.ufcg.edu.br',
           'Bernard Dantas Odon',
           '$2a$10$fq3uw9q8UkiRgGlUg7DSpuK1bra/ZvAUN9HxP4eodcjReOAgvoRsy',
           2,
           'bodon'
       ),
       (
           4,
           'marcos.cosson@ccc.ufcg.edu.br',
           'Marcos Cosson',
           '$2a$10$/CBEwLj54a3dTUoPqOCQl.v7hVs/NQVCRSxCHKR8.S0.dsX9Xv77e',
           2,
           'marcos'
       ),
       (
           5,
           'elmar@gmail.com',
           'Elmar Melcher',
           '$2a$10$/FrosrLpFYSrNPJby/ds9e32cubj7D1lENz1zLilejjBOGyz.cgtC',
           0,
           'elmar'
       ),
       (
           6,
           'fubica@gmail.com',
           'Francisco Vilar',
           '$2a$10$tDvuRBtGTEhVSt9.vhre1OdFlNXAQu1OX8LiTGHQCFEt8enyGFIyK',
           0,
           'fubica'
       ),
       (
           7,
           'joao.arthur@gmail.com',
           'Joao Arthur',
           '$2a$10$ddjL7d13k3ZWiDyH7iFv1egEXf.HOGL2QEyoN2AYi.4Hnr3nq9yVK',
           0,
           'joao_arthur'
       );
CREATE TABLE "TCCMATCH_USER_EMAILS"(
                                       "TCCMATCH_USER_ID" BIGINT NOT NULL,
                                       "EMAILS" VARCHAR(255)
);
-- 0 +/- SELECT COUNT(*) FROM PUBLIC.TCCMATCH_USER_EMAILS;
ALTER TABLE "PROFESSOR_INTERESTEDTCCS"
    ADD CONSTRAINT "UK_R286TXHWDQT8QM4EXRA9UMQ5J" UNIQUE("INTERESTEDTCCS_ID");
ALTER TABLE "PROFESSOR_REGISTEREDTCCS"
    ADD CONSTRAINT "UK_F8DE6RJ8DCL7MFS58TU3SUJG3" UNIQUE("REGISTEREDTCCS_ID");
ALTER TABLE "TCC_INTERESTED_PROFESSORS"
    ADD CONSTRAINT "FK7MOIKWVVEW2D97VIJERUHF02Y" FOREIGN KEY("TCC_ID") REFERENCES "TCC"("ID") NOCHECK;
ALTER TABLE "TCC_STUDY_AREAS"
    ADD CONSTRAINT "FK8M8VU79K3JIJVY77SC3VLRIHW" FOREIGN KEY("STUDY_AREA_ID") REFERENCES "STUDY_AREA"("ID") NOCHECK;
ALTER TABLE "STUDENT_ORIENTATION_INTERESTS"
    ADD CONSTRAINT "FK3Y50C4RK638JOWFQ5DOKQM41J" FOREIGN KEY("TCC_ID") REFERENCES "TCC"("ID") NOCHECK;
ALTER TABLE "TCC_STUDY_AREAS"
    ADD CONSTRAINT "FK8HSWXQ4BIMTHRDEYW98FO3XYM" FOREIGN KEY("TCC_ID") REFERENCES "TCC"("ID") NOCHECK;
ALTER TABLE "TCC_INTERESTED_STUDENTS"
    ADD CONSTRAINT "FKJ4V012N56R6SHRPDT5JM8MGWT" FOREIGN KEY("STUDENT_ID") REFERENCES "STUDENT"("ID") NOCHECK;
ALTER TABLE "ORIENTATION_ISSUE"
    ADD CONSTRAINT "FKGL1IRLNUE2R6U2YHNVDYJL2R4" FOREIGN KEY("TCCMATCH_USER_ID") REFERENCES "TCCMATCH_USER"("ID") NOCHECK;
ALTER TABLE "STUDENT_ORIENTATION_INTERESTS"
    ADD CONSTRAINT "FKFITC9QKI4OPTHJWY5VPV3P8T5" FOREIGN KEY("INTERESTED_STUDENT_ID") REFERENCES "STUDENT"("ID") NOCHECK;
ALTER TABLE "ORIENTATION_ISSUE"
    ADD CONSTRAINT "FKPUPU6PN14WAOS05YNI6OOVG7N" FOREIGN KEY("TCC_ID") REFERENCES "TCC"("ID") NOCHECK;
ALTER TABLE "PROFESSOR_INTERESTEDTCCS"
    ADD CONSTRAINT "FKRDEQXIIM8VS6DL1P0HICUXRB9" FOREIGN KEY("INTERESTEDTCCS_ID") REFERENCES "TCC"("ID") NOCHECK;
ALTER TABLE "PROFESSOR_INTERESTEDTCCS"
    ADD CONSTRAINT "FKAL6527JR7JXUKHKJP8NV5T0P0" FOREIGN KEY("PROFESSOR_ID") REFERENCES "PROFESSOR"("ID") NOCHECK;
ALTER TABLE "STUDENT_INTERESTED_STUDY_AREAS"
    ADD CONSTRAINT "FK2M9QWOB07JNNPYRHAG6S22U2V" FOREIGN KEY("STUDY_AREA_ID") REFERENCES "STUDY_AREA"("ID") NOCHECK;
ALTER TABLE "PROFESSOR_REGISTEREDTCCS"
    ADD CONSTRAINT "FKQ2H2V1FJIGCBY2GMXJUSCL8KP" FOREIGN KEY("REGISTEREDTCCS_ID") REFERENCES "TCC"("ID") NOCHECK;
ALTER TABLE "STUDENT_INTERESTED_STUDY_AREAS"
    ADD CONSTRAINT "FK7TDYG97AMREE2B40A1SW9U99J" FOREIGN KEY("STUDENT_ID") REFERENCES "STUDENT"("ID") NOCHECK;
ALTER TABLE "PROFESSOR_LABS"
    ADD CONSTRAINT "FKTAC37U55JIGWT4P2JPEWK6882" FOREIGN KEY("PROFESSOR_ID") REFERENCES "PROFESSOR"("ID") NOCHECK;
ALTER TABLE "TCC_INTERESTED_PROFESSORS"
    ADD CONSTRAINT "FK19P1Y8OJAH1MUPP5N3ES5BUSF" FOREIGN KEY("PROFESSOR_ID") REFERENCES "PROFESSOR"("ID") NOCHECK;
ALTER TABLE "TCCMATCH_USER_EMAILS"
    ADD CONSTRAINT "FKNRWIUVCQKSHDL168K0W4BSUGQ" FOREIGN KEY("TCCMATCH_USER_ID") REFERENCES "TCCMATCH_USER"("ID") NOCHECK;
ALTER TABLE "STUDENT"
    ADD CONSTRAINT "FKE7VNOJBLQ466E89P0BINKUC5I" FOREIGN KEY("TCC_ID") REFERENCES "TCC"("ID") NOCHECK;
ALTER TABLE "TCC_INTERESTED_STUDENTS"
    ADD CONSTRAINT "FKMTV12OT8I1ANDB772SSLYC00E" FOREIGN KEY("TCC_ID") REFERENCES "TCC"("ID") NOCHECK;
ALTER TABLE "STUDENT"
    ADD CONSTRAINT "FKEIQ7A06F3JQU2FB5LAGUOGPXC" FOREIGN KEY("ID") REFERENCES "TCCMATCH_USER"("ID") NOCHECK;
ALTER TABLE "TCC"
    ADD CONSTRAINT "FKD3PTQ6PYVOBA45EKS3JELJHI3" FOREIGN KEY("ADVISOR_ID") REFERENCES "PROFESSOR"("ID") NOCHECK;
ALTER TABLE "PROFESSOR"
    ADD CONSTRAINT "FKRKDB5WLWHQX4HTQJD81G52PDL" FOREIGN KEY("ID") REFERENCES "TCCMATCH_USER"("ID") NOCHECK;
ALTER TABLE "ADMIN"
    ADD CONSTRAINT "FK5J7H7V5KHD6DPPKEFET7TIC6P" FOREIGN KEY("ID") REFERENCES "TCCMATCH_USER"("ID") NOCHECK;
ALTER TABLE "TCC"
    ADD CONSTRAINT "FKB7RI1NIOFH3RY28BYO0XR954R" FOREIGN KEY("ADVISED_STUDENT_ID") REFERENCES "STUDENT"("ID") NOCHECK;
ALTER TABLE "PROFESSOR_REGISTEREDTCCS"
    ADD CONSTRAINT "FKO5J1FS5VF9JL7R1OCY3G9QEFF" FOREIGN KEY("PROFESSOR_ID") REFERENCES "PROFESSOR"("ID") NOCHECK;
ALTER TABLE "PROFESSOR_INTERESTED_STUDY_AREAS"
    ADD CONSTRAINT "FKNIWRUW77XJTWJYOQCW7IH2GSK" FOREIGN KEY("PROFESSOR_ID") REFERENCES "PROFESSOR"("ID") NOCHECK;
ALTER TABLE "PROFESSOR_INTERESTED_STUDY_AREAS"
    ADD CONSTRAINT "FKJM88TNPPO0GFBIVXD3A6MIJAC" FOREIGN KEY("STUDY_AREA_ID") REFERENCES "STUDY_AREA"("ID") NOCHECK;